{"sections":{"16321237356a896dad":{"type":"slide-show","blocks":{"16321237356a896dad-0":{"type":"image","name":"JO MILANO","settings":{"image_slide":"shopify:\/\/shop_images\/Captura_de_pantalla_2025-12-05_a_la_s_10.51.05_a.m..png","alignment":"left","enable_custom_position":false,"custom_horizontal":"","custom_vertical":"","custom_vertical_mb":"","enable_position_outside_image":false,"enable_border_line":false,"padding_vertical":30,"content_width":475,"text_alignment":"center","text_alignment_mb":"center","enable_content_fullwidth":false,"border_color_content":"","bg_color_content":"","profile_spacing_bottom":50,"profile_name":"","profile_name_color":"","profile_name_fs":20,"profile_name_fs_mb":20,"profile_name_fw":"normal","profile_title":"","profile_title_color":"","profile_title_fs":10,"profile_title_fs_mb":10,"profile_title_fw":"normal","sub_heading":"","letter_spacing_sub_title":"","font_size_sub_heading":30,"sub_heading_spacing_bottom":20,"sub_heading_font":"font_2","font_weight_sub_heading":"400","border_sub_heading":"none","sub_title_position":"sub_title_above","color_sub_heading":"#ffffff","heading":"","letter_spacing_heading":"","enable_border_heading":true,"font_style_heading":"normal","font_size_heading":10,"line_height_heading":10,"heading_spacing_bottom":0,"color_heading":"#232323","slide-des":"","font_size_des":12,"line_height_des":22,"des_spacing_bottom":35,"color_des":"#232323","sub_heading_mb":"","font_size_sub_heading_mb":20,"sub_heading_spacing_bottom_mb":20,"font_weight_sub_heading_mb":"400","border_sub_heading_mb":"none","color_sub_heading_mb":"#ffffff","heading_mb":"","font_style_heading_mb":"normal","font_size_heading_mb":24,"line_height_heading_mb":24,"heading_spacing_bottom_mb":8,"color_heading_mb":"#ffffff","slide-des-mb":"","font_size_des_mb":12,"des_spacing_bottom_mb":35,"color_des_mb":"#ffffff","enable_icon_button":false,"enable_button_link":false,"enable_underline":false,"font_size_link":10,"button_slide":"","link":"shopify:\/\/collections\/new-in","button_style":"button","button_slide_2":"","link_2":"","min_width_banner_button":195,"color_button":"#ffffff","border_button":"#232323","bg_button":"#232323","bg_button_gradient":"","color_button_hover":"#232323","border_button_hover":"#232323","bg_button_hover":"#ffffff","bg_button_gradient_hover":"","use_contrasting_colors":false,"lb_product_1":"","horizontal_pos_1":0,"vertical_pos_1":0,"lookbook_pos_1":"right","lb_product_2":"","horizontal_pos_2":0,"vertical_pos_2":0,"lookbook_pos_2":"right","lb_product_3":"","horizontal_pos_3":0,"vertical_pos_3":0,"lookbook_pos_3":"right"}},"image_bhJGTn":{"type":"image","name":"DECANTS","settings":{"image_slide":"shopify:\/\/shop_images\/Captura_de_pantalla_2025-11-25_a_la_s_4.48.45_p.m..png","alignment":"left","enable_custom_position":false,"custom_horizontal":"","custom_vertical":"","custom_vertical_mb":"","enable_position_outside_image":false,"enable_border_line":false,"padding_vertical":30,"content_width":475,"text_alignment":"center","text_alignment_mb":"center","enable_content_fullwidth":false,"border_color_content":"","bg_color_content":"","profile_spacing_bottom":50,"profile_name":"","profile_name_color":"","profile_name_fs":20,"profile_name_fs_mb":20,"profile_name_fw":"normal","profile_title":"","profile_title_color":"","profile_title_fs":20,"profile_title_fs_mb":20,"profile_title_fw":"normal","sub_heading":"","letter_spacing_sub_title":"","font_size_sub_heading":30,"sub_heading_spacing_bottom":20,"sub_heading_font":"font_2","font_weight_sub_heading":"400","border_sub_heading":"none","sub_title_position":"sub_title_above","color_sub_heading":"#ffffff","heading":"","letter_spacing_heading":"","enable_border_heading":false,"font_style_heading":"normal","font_size_heading":40,"line_height_heading":40,"heading_spacing_bottom":8,"color_heading":"#232323","slide-des":"","font_size_des":12,"line_height_des":22,"des_spacing_bottom":35,"color_des":"#232323","sub_heading_mb":"","font_size_sub_heading_mb":20,"sub_heading_spacing_bottom_mb":20,"font_weight_sub_heading_mb":"400","border_sub_heading_mb":"none","color_sub_heading_mb":"#ffffff","heading_mb":"","font_style_heading_mb":"normal","font_size_heading_mb":24,"line_height_heading_mb":24,"heading_spacing_bottom_mb":8,"color_heading_mb":"#ffffff","slide-des-mb":"","font_size_des_mb":12,"des_spacing_bottom_mb":35,"color_des_mb":"#ffffff","enable_icon_button":false,"enable_button_link":false,"enable_underline":true,"font_size_link":36,"button_slide":"Shop Now","link":"","button_style":"button_1","button_slide_2":"","link_2":"","min_width_banner_button":270,"color_button":"#ffffff","border_button":"#232323","bg_button":"#232323","bg_button_gradient":"","color_button_hover":"#ffffff","border_button_hover":"#232323","bg_button_hover":"#232323","bg_button_gradient_hover":"","use_contrasting_colors":false,"lb_product_1":"","horizontal_pos_1":0,"vertical_pos_1":0,"lookbook_pos_1":"right","lb_product_2":"","horizontal_pos_2":0,"vertical_pos_2":0,"lookbook_pos_2":"right","lb_product_3":"","horizontal_pos_3":0,"vertical_pos_3":0,"lookbook_pos_3":"right"}},"image_tUqmQD":{"type":"image","name":"2X300","settings":{"image_slide":"shopify:\/\/shop_images\/Captura_de_pantalla_2025-11-25_a_la_s_4.48.54_p.m..png","alignment":"left","enable_custom_position":false,"custom_horizontal":"","custom_vertical":"","custom_vertical_mb":"","enable_position_outside_image":false,"enable_border_line":false,"padding_vertical":30,"content_width":475,"text_alignment":"center","text_alignment_mb":"center","enable_content_fullwidth":false,"border_color_content":"","bg_color_content":"","profile_spacing_bottom":50,"profile_name":"","profile_name_color":"","profile_name_fs":20,"profile_name_fs_mb":20,"profile_name_fw":"normal","profile_title":"","profile_title_color":"","profile_title_fs":20,"profile_title_fs_mb":20,"profile_title_fw":"normal","sub_heading":"","letter_spacing_sub_title":"","font_size_sub_heading":30,"sub_heading_spacing_bottom":20,"sub_heading_font":"font_2","font_weight_sub_heading":"400","border_sub_heading":"none","sub_title_position":"sub_title_above","color_sub_heading":"#ffffff","heading":"","letter_spacing_heading":"","enable_border_heading":false,"font_style_heading":"normal","font_size_heading":40,"line_height_heading":40,"heading_spacing_bottom":8,"color_heading":"#232323","slide-des":"","font_size_des":12,"line_height_des":22,"des_spacing_bottom":35,"color_des":"#232323","sub_heading_mb":"","font_size_sub_heading_mb":20,"sub_heading_spacing_bottom_mb":20,"font_weight_sub_heading_mb":"400","border_sub_heading_mb":"none","color_sub_heading_mb":"#ffffff","heading_mb":"","font_style_heading_mb":"normal","font_size_heading_mb":24,"line_height_heading_mb":24,"heading_spacing_bottom_mb":8,"color_heading_mb":"#ffffff","slide-des-mb":"","font_size_des_mb":12,"des_spacing_bottom_mb":35,"color_des_mb":"#ffffff","enable_icon_button":false,"enable_button_link":false,"enable_underline":true,"font_size_link":36,"button_slide":"Shop Now","link":"","button_style":"button_1","button_slide_2":"","link_2":"","min_width_banner_button":270,"color_button":"#ffffff","border_button":"#232323","bg_button":"#232323","bg_button_gradient":"","color_button_hover":"#ffffff","border_button_hover":"#232323","bg_button_hover":"#232323","bg_button_gradient_hover":"","use_contrasting_colors":false,"lb_product_1":"","horizontal_pos_1":0,"vertical_pos_1":0,"lookbook_pos_1":"right","lb_product_2":"","horizontal_pos_2":0,"vertical_pos_2":0,"lookbook_pos_2":"right","lb_product_3":"","horizontal_pos_3":0,"vertical_pos_3":0,"lookbook_pos_3":"right"}}},"block_order":["16321237356a896dad-0","image_bhJGTn","image_tUqmQD"],"name":"BANNER","settings":{"container":"fullwidth","padding_full_width":0,"slideshow_background":"","slideshow_background_gradient":"","border_radius":0,"autoplay":true,"slideshow_speed":"5000","slideshow_transition":"true","dots":"true","dots_color":"#707979","dots_border_color":"#707979","dots_active_color":"rgba(0,0,0,0)","dots_active_border_color":"#505656","dots_direction":"bottom","dots_shape":"disc","position_slick_dots":"25px","dots_opacity":false,"dot_with_image":false,"dot_width":66,"dot_width_active":130,"dot_width_mb":38,"dot_width_active_mb":65,"arrow_active":true,"enable_custom_arrow":false,"arrow_width":35,"arrow_height":35,"arrow_size_icon":17,"arrow_color":"#666d6d","arrow_border_color":"#666d6d","arrow_bg_color":"rgba(0,0,0,0)","arrow_color_hover":"","arrow_border_color_hover":"","arrow_bg_color_hover":"","position_slick_arrow":"10%","position_vertical_slick_arrow":"50%","image_behavior":"zoom-in","video_height":"41.7%","video_height_mb":"41.7%","auto_playvideo":true,"enable_categories":false,"text_categories":"Shop by categories","title_color":"#ffffff","bg_title":"#fd6506","text_icon_color":"#202020","menu_category":"","enable_banner":false,"lookbook_style":"1","enable_lookbook_width":false,"lookbook_width":250,"dot_desktop_size":24,"dot_mobile_size":16,"dot_inner_color":"#000000","dot_shadow_color":"#ffffff","dot_outer_color":"#ffffff","show_dot_number":false,"show_dot_number_mobile":false,"show_plus_icon":false,"number_desktop_size":24,"number_mobile_size":16,"lookbook_truncate":"1","mg_top_desktop":0,"mg_top_tablet":0,"mg_top_mobile":0,"mg_bottom_desktop":0,"mg_bottom_tablet":0,"mg_bottom_mobile":0}},"1632304586ad9b5b3b":{"type":"brand-slider","blocks":{"41b12b4c-82b5-4352-8517-389aad8e189c":{"type":"image","name":"FRENCH AVENUE","settings":{"image":"shopify:\/\/shop_images\/Diseno_sin_titulo_28d37127-dc09-4a44-9ba1-06928cf320ea.png","title":"","color_text":"#000000","color_text_hover":"#3e8cc4","description":"","color_des":"#3c3c3c","link":"shopify:\/\/collections\/french-avenue"}},"bdae57c3-5b52-4a54-8e32-0a044b504263":{"type":"image","name":"JO MILANO","settings":{"image":"shopify:\/\/shop_images\/GAME_OF_SPADES.png","title":"","color_text":"#000000","color_text_hover":"#3e8cc4","description":"","color_des":"#3c3c3c","link":"shopify:\/\/collections\/jo-milano-game-of-spades"}},"d436bd12-1274-4406-9390-e950151fbe8a":{"type":"image","name":"ARMAF","settings":{"image":"shopify:\/\/shop_images\/Diseno_sin_titulo_4.jpg","title":"","color_text":"#000000","color_text_hover":"#3e8cc4","description":"","color_des":"#3c3c3c","link":"shopify:\/\/collections\/armaf"}},"f15bb8a5-40f9-4d63-97ab-a51b2e7a1420":{"type":"image","name":"LATTAFA","settings":{"image":"shopify:\/\/shop_images\/Diseno_sin_titulo_d7dea4a1-ee25-4240-977c-51387e992c3d.png","title":"","color_text":"#000000","color_text_hover":"#3e8cc4","description":"","color_des":"#3c3c3c","link":"shopify:\/\/collections\/lattafa-1"}},"image_NKT3DF":{"type":"image","name":"VERSACE","settings":{"image":"shopify:\/\/shop_images\/Diseno_sin_titulo_1_c7218700-06a0-4634-bbcf-e3e23c7a558a.jpg","title":"","color_text":"#000000","color_text_hover":"#3e8cc4","description":"","color_des":"#3c3c3c","link":"shopify:\/\/collections\/versace"}},"image_NPccHB":{"type":"image","name":"JEAN PAUL GAULTIER","settings":{"image":"shopify:\/\/shop_images\/Diseno_sin_titulo_1_39806c19-446e-4b6a-9036-3fa3949a54ce.jpg","title":"","color_text":"#000000","color_text_hover":"#3e8cc4","description":"","color_des":"#3c3c3c","link":"shopify:\/\/collections\/jean-paul-gaultier"}},"image_HLcbtW":{"type":"image","name":"AHLI","settings":{"image":"shopify:\/\/shop_images\/Diseno_sin_titulo_2_aa3a98c8-1c24-41e1-bfce-0f837f093847.jpg","title":"","color_text":"#000000","color_text_hover":"#3e8cc4","description":"","color_des":"#3c3c3c","link":"shopify:\/\/collections\/ahli"}},"image_QCLHzf":{"type":"image","name":"LORENZO PAZZAGLIA","settings":{"image":"shopify:\/\/shop_images\/Diseno_sin_titulo_4_313e759d-25f3-4ff4-a6fb-36ecd22c4569.jpg","title":"","color_text":"#000000","color_text_hover":"#3e8cc4","description":"","color_des":"#3c3c3c","link":"shopify:\/\/collections\/lorenzo-pazzaglia"}}},"block_order":["41b12b4c-82b5-4352-8517-389aad8e189c","bdae57c3-5b52-4a54-8e32-0a044b504263","d436bd12-1274-4406-9390-e950151fbe8a","f15bb8a5-40f9-4d63-97ab-a51b2e7a1420","image_NKT3DF","image_NPccHB","image_HLcbtW","image_QCLHzf"],"settings":{"container":"1170","padding_full_width":0,"brands_block_style":"style_1","brand_layout":"infinite","scroll_from":"ltr","brand_scroll_time":"25","display_brand_border":true,"brand_bg":"#ffffff","brand_bg_gradient":"","title_align":"center","brand_title":"","color_title":"#232323","fontsize_title":16,"fontsize_title_mb":16,"mg_bottom_title":12,"mg_bottom_title_mb":12,"enable_border_title":false,"border_color_title":"#051c42","brand_des":"","color_des":"#3c3c3c","fontsize_des":12,"mg_bottom_des":0,"view_all":"","view_all_fs":12,"font_weight_view_all":"400","mg_bottom_view":30,"enable_border_view_all":true,"link_view_all":"","color_view_all":"#3c3c3c","icon_view_all":"","color_view_all_icon":"#eb492f","view_all_icon_side":"left","spacing_view_all_icon":100,"btn_text":"","fontsize_btn":12,"btn_spacing_top":15,"btn_color":"#828282","btn_link":"","enable_autoplay":false,"brand_speed":"3000","brand_rows":"5","enable_arrows":true,"enable_dots":false,"enable_center_mode":true,"style_position_arrows":"none","position_horizontal_arrow":15,"color_arrow":"","arrow_background":"","arrow_background_gradient":"","arrow_border":"","color_arrow_hover":"","arrow_background_hover":"","arrow_background_gradient_hover":"","arrow_border_hover":"","brand_rows_mb":"3","brand_image_ratio":"adapt","item_distance":10,"margin_bottom_image":0,"margin_bottom_image_mb":0,"brand_item_border":"box_shadow","border_radius":0,"border_color":"#e2e5e7","border_color_hover":"#2d2d2d","hover_effect":"zoom","color_underline_image_hover":"#000000","fontsize_text":16,"fontsize_text_mb":13,"font_weight_title":"400","margin_bottom_title":0,"mg_top_desktop":0,"mg_top_tablet":0,"mg_top_mobile":0,"mg_bottom_desktop":0,"mg_bottom_tablet":0,"mg_bottom_mobile":0}},"product_tab_block_nUkUmy":{"type":"product-tab-block","blocks":{"product_tabs_y3pUHR":{"type":"ProductTabs","settings":{"title":"NUEVO","collection":"nuevos-general"}},"product_tabs_UcMWAw":{"type":"ProductTabs","settings":{"title":"DECANTS","collection":"decants"}},"product_tabs_GdwgjT":{"type":"ProductTabs","settings":{"title":"BLACK FRIDAY","collection":"black-friday"}},"product_tabs_hbKjzn":{"type":"ProductTabs","settings":{"title":"SETS DE REGALO","collection":"sets-de-regalo-1"}}},"block_order":["product_tabs_y3pUHR","product_tabs_UcMWAw","product_tabs_GdwgjT","product_tabs_hbKjzn"],"name":"t:sections.product_tab_block.name","settings":{"container":"container","padding_full_width":0,"product_bg":"#ffffff","product_bg_gradient":"","product_block_layout":"slider","product_block_limit":20,"product_block_title":"DESTACADOS","fontsize_title":16,"fontsize_title_mb":16,"mg_bottom_title":12,"enable_border_title":true,"border_color_title":"#232323","enable_border_title2":true,"border_color_title2":"#232323","color_title":"#232323","title_align":"center","view_all_style":"style_2","view_all":"","font_weight_view_all":"400","mg_bottom_view":30,"link_view_all":"shopify:\/\/collections\/nuevos-general","color_view_all":"#3c3c3c","image_behavior":"ambient","product_block_per_row":"5","product_block_infinite_scroll":true,"min_width_button":"","product_block_dots":false,"product_block_dots_mb":true,"product_block_arrows":true,"product_block_arrows_mb":false,"product_block_arrows_custom_position":false,"product_block_progress_bar":false,"enable_infinite":true,"product_block_show":"5","product_block_per_view":"4","show_half":false,"scroll_height":4,"scroll_track_bg":"#f1f1f1","scroll_thumb_color":"#000000","scroll_thumb_hover_color":"#444444","position":"left","width_banner":20,"tab_title_style":"style_1","layout_mobile":"grid","mg_bottom_title_tab":24,"type_tab_font":"font_1","separation":true,"style_separation":"style2","color_separation":"","enable_scroll_title":true,"fontsize_tab":14,"fontsize_tab_mb":14,"font_weight_tab":"700","font_weight_active_tab":"700","spacing_between_title":24,"line_height_tab":20,"line_height_tab_mobile":24,"border_tab_radius":3,"min_width_tab":5,"border_width_tab":3,"tab_align":"center","color_tab":"#232323","border_color_tab":"","bg_color_tab":"#ffffff","bg_color_gradient_tab":"","color_tab_active":"#232323","border_color_tab_active":"","bg_color_tab_active":"#f8f8f8","bg_color_gradient_tab_active":"","mg_top_desktop":50,"mg_top_tablet":50,"mg_top_mobile":50,"mg_bottom_desktop":50,"mg_bottom_tablet":50,"mg_bottom_mobile":50}},"featured_collection_iHTmYW":{"type":"featured-collection","blocks":{"featured_collection_KjAV4R":{"type":"featured_collection","settings":{"collection":"","image":"shopify:\/\/shop_images\/IMG_4313_2.heic","content_align":"center","title":"DECANTS","color_title":"#ffffff","fontsize_title":20,"color_des":"#3c3c3c","color_hover_des":"#4dac8b","fontsize_des":14,"btn_icon":"","btn_text":"","link":"shopify:\/\/collections\/decants","color_button":"#ffffff","border_color_button":"#4d4a46","bg_color_button":"#4d4a46","bg_color_gradient_button":"","color_button_hover":"#ffffff","border_color_button_hover":"#4d4a46","bg_color_button_hover":"#4d4a46","bg_color_gradient_button_hover":""}},"featured_collection_mxF3cQ":{"type":"featured_collection","name":"NICHO","settings":{"collection":"","image":"shopify:\/\/shop_images\/IMG_8966.heic","content_align":"center","title":"PERFUMES NICHO","color_title":"#ffffff","fontsize_title":20,"color_des":"#3c3c3c","color_hover_des":"#4dac8b","fontsize_des":14,"btn_icon":"","btn_text":"","link":"shopify:\/\/collections\/nicho-1","color_button":"#ffffff","border_color_button":"#4d4a46","bg_color_button":"#4d4a46","bg_color_gradient_button":"","color_button_hover":"#ffffff","border_color_button_hover":"#4d4a46","bg_color_button_hover":"#4d4a46","bg_color_gradient_button_hover":""}},"featured_collection_7LDbdk":{"type":"featured_collection","name":"PERFUMES ARABES","settings":{"collection":"","image":"shopify:\/\/shop_images\/IMG_8969.heic","content_align":"center","title":"PERFUMES ARABES","color_title":"#ffffff","fontsize_title":20,"color_des":"#3c3c3c","color_hover_des":"#4dac8b","fontsize_des":14,"btn_icon":"","btn_text":"","link":"","color_button":"#ffffff","border_color_button":"#4d4a46","bg_color_button":"#4d4a46","bg_color_gradient_button":"","color_button_hover":"#ffffff","border_color_button_hover":"#4d4a46","bg_color_button_hover":"#4d4a46","bg_color_gradient_button_hover":""}}},"block_order":["featured_collection_KjAV4R","featured_collection_mxF3cQ","featured_collection_7LDbdk"],"name":"t:sections.featured-collection.name","settings":{"container":"container","padding_full_width":0,"column":"3","featured_collection_bg":"#f5f5f5","featured_collection_bg_gradient":"","featured_collection_block_title":"CATEGORIAS","enable_border_title":true,"color_title":"#202020","fontsize_title":40,"fontsize_title_mb":22,"featured_collection_block_btn_text":"","featured_collection_block_btn_link":"","btn_color":"#3c3c3c","fontsize_btn":16,"btn_icon":"","btn_icon_color":"#eb492f","title_align":"center","featured_collection_block_swipe_on_mobile":true,"mg_top_desktop":50,"mg_top_tablet":50,"mg_top_mobile":50,"mg_bottom_desktop":50,"mg_bottom_tablet":50,"mg_bottom_mobile":50}},"1632296224c9e90203":{"type":"spotlight-block","blocks":{"1632296224c9e90203-0":{"type":"image","settings":{"enable_image":true,"title_align":"center","enable_absolute":false,"align_items":"center","align_items_spacing_top_bottom_position":0,"align_items_spacing_top_bottom_position_mb":0,"bg_color_content":"","align_items_spacing_top":20,"align_items_spacing_bottom":15,"align_items_spacing_lr":10,"sub_title":"","border_sub_title":false,"color_sub_title":"#232323","fontsize_sub_title":20,"font_weight_sub_title":"500","mg_bottom_sub_title":10,"title":"LOREM DE DORUS","color_title":"#232323","fontsize_title":20,"fontsize_title_mb":20,"font_weight_title":"500","enable_style_italic":false,"border_title":"border_hover","border_color_title":"","des":"Nullam aliquet vestibulum augue non varius. Cras cosmo congue an melitos. Dui del ante le maliquam. Praesent murna de tellus laoreet cosmopolis.","color_des":"#3c3c3c","fontsize_des":12,"mg_top_des":8,"enable_des_hover":false,"button_style":"button_1","button":"Shop Now","link":"shopify:\/\/collections\/new-in","fontsize_btn":16,"button_width":190,"bg_opacity_button":1,"enable_button_custom_border":false,"enable_button_hover":false,"btn_text_transform":"uppercase","btn_icon":"","mg_top_btn":30,"color_button":"#ffffff","border_color_button":"#232323","bg_color_button":"#232323","bg_color_button_gradient":"","color_button_hover":"#232323","border_color_button_hover":"#232323","bg_color_button_hover":"#ffffff","bg_color_button_gradient_hover":""}},"1632296224c9e90203-1":{"type":"image","settings":{"enable_image":true,"title_align":"center","enable_absolute":false,"align_items":"center","align_items_spacing_top_bottom_position":0,"align_items_spacing_top_bottom_position_mb":0,"bg_color_content":"","align_items_spacing_top":20,"align_items_spacing_bottom":15,"align_items_spacing_lr":10,"sub_title":"","border_sub_title":false,"color_sub_title":"#232323","fontsize_sub_title":20,"font_weight_sub_title":"500","mg_bottom_sub_title":10,"title":"MILANCELOS LANOS","color_title":"#232323","fontsize_title":20,"fontsize_title_mb":20,"font_weight_title":"500","enable_style_italic":false,"border_title":"border_hover","border_color_title":"","des":"Nullam aliquet vestibulum augue non varius. Cras cosmo congue an melitos. Dui del ante le maliquam. Praesent murna de tellus laoreet cosmopolis.","color_des":"#3c3c3c","fontsize_des":12,"mg_top_des":8,"enable_des_hover":false,"button_style":"button_1","button":"Shop Now","link":"shopify:\/\/collections\/new-in","fontsize_btn":16,"button_width":190,"bg_opacity_button":1,"enable_button_custom_border":false,"enable_button_hover":false,"btn_text_transform":"uppercase","btn_icon":"","mg_top_btn":30,"color_button":"#ffffff","border_color_button":"#232323","bg_color_button":"#232323","bg_color_button_gradient":"","color_button_hover":"#232323","border_color_button_hover":"#232323","bg_color_button_hover":"#ffffff","bg_color_button_gradient_hover":""}},"1632296224c9e90203-2":{"type":"image","settings":{"enable_image":true,"title_align":"center","enable_absolute":false,"align_items":"center","align_items_spacing_top_bottom_position":0,"align_items_spacing_top_bottom_position_mb":0,"bg_color_content":"","align_items_spacing_top":20,"align_items_spacing_bottom":15,"align_items_spacing_lr":10,"sub_title":"","border_sub_title":false,"color_sub_title":"#232323","fontsize_sub_title":20,"font_weight_sub_title":"500","mg_bottom_sub_title":10,"title":"COMO A MILANO","color_title":"#232323","fontsize_title":20,"fontsize_title_mb":20,"font_weight_title":"500","enable_style_italic":false,"border_title":"border_hover","border_color_title":"","des":"Nullam aliquet vestibulum augue non varius. Cras cosmo congue an melitos. Dui del ante le maliquam. Praesent murna de tellus laoreet cosmopolis.","color_des":"#3c3c3c","fontsize_des":12,"mg_top_des":8,"enable_des_hover":false,"button_style":"button_1","button":"Shop Now","link":"shopify:\/\/collections\/new-in","fontsize_btn":16,"button_width":190,"bg_opacity_button":1,"enable_button_custom_border":false,"enable_button_hover":false,"btn_text_transform":"uppercase","btn_icon":"","mg_top_btn":30,"color_button":"#ffffff","border_color_button":"#232323","bg_color_button":"#232323","bg_color_button_gradient":"","color_button_hover":"#232323","border_color_button_hover":"#232323","bg_color_button_hover":"#ffffff","bg_color_button_gradient_hover":""}}},"block_order":["1632296224c9e90203-0","1632296224c9e90203-1","1632296224c9e90203-2"],"disabled":true,"settings":{"container":"container","padding_full_width":0,"disable_padding_content":false,"mg_minus_desktop":0,"mg_minus_mobile":0,"block_layout":"grid","spotlight_block_swipe_on_mobile":"slider","column":"3","column_mb":"1","center_mode":false,"item_distance":15,"item_radius":0,"enable_arrows":true,"enable_arrows_mb":false,"position_horizontal_slick_arrow":"0","enable_dots":false,"enable_dots_mb":true,"display_border_bottom":false,"border_color":"#e3e3e3","spotlight_bg":"#ffffff","spotlight_bg_gradient":"","enable_custom_position_title":false,"spotlight_block_title":"Featured On Ella","enable_border_title":true,"color_title":"#232323","color_title_mb":"","fontsize_title":20,"fontsize_title_mb":20,"margin_bottom_title":45,"spotlight_block_des":"","color_des":"#3c3c3c","margin_bottom_des":30,"fontsize_des":16,"title_align":"center","view_all_style":"style_1","view_all":"","view_all_fs":12,"view_all_align":"center","font_weight_view_all":"400","mg_bottom_view":30,"enable_border_view_all":true,"link_view_all":"","color_view_all":"#3c3c3c","display_spotlight_button":false,"button_position":"bottom","spotlight_button_text":"","spotlight_button_link":"","color_button":"#ffffff","border_color_button":"#232323","bg_color_button":"#232323","bg_color_gradient_button":"","color_button_hover":"#232323","border_color_button_hover":"#ffffff","bg_color_button_hover":"#ffffff","bg_color_gradient_button_hover":"","maxwidth_button":230,"mg_top_button":30,"mg_bottom_button":30,"enable_plus_icon":false,"color_plus_icon":"#ffffff","enable_content_border":false,"content_border_color":"#e2e2e2","enable_shadow":false,"shadow_horizontal_length":0,"shadow_vertical_length":0,"shadow_blur_radius":0,"shadow_spread":0,"shadow_color":"transparent","shadow_inset":"no","mg_top_desktop":20,"mg_top_tablet":0,"mg_top_mobile":25,"mg_bottom_desktop":65,"mg_bottom_tablet":85,"mg_bottom_mobile":70}},"1632364695b0f88b4f":{"type":"instagram","blocks":{"566545cd-024f-4585-941a-d5bd625fbe4c":{"type":"instagram","settings":{"title":"","fontsize_title":26,"fontsize_title_mb":20,"color_title":"#ffffff","description":"","fontsize_des":12,"color_des":"#ffffff","button_text":"","color_button":"#ffffff","color_button_hover":"#ffffff","link":""}},"c9c82244-f352-45ee-b86c-a77b2765317a":{"type":"instagram","settings":{"title":"","fontsize_title":26,"fontsize_title_mb":20,"color_title":"#ffffff","description":"","fontsize_des":12,"color_des":"#ffffff","button_text":"","color_button":"#ffffff","color_button_hover":"#ffffff","link":""}},"2608f7ec-f962-4cc2-ab46-c0dcd2d419a7":{"type":"instagram","settings":{"title":"","fontsize_title":26,"fontsize_title_mb":20,"color_title":"#ffffff","description":"","fontsize_des":12,"color_des":"#ffffff","button_text":"","color_button":"#ffffff","color_button_hover":"#ffffff","link":""}},"fc8fa6da-8960-435b-a1f5-9c39e2f4c91d":{"type":"instagram","settings":{"title":"","fontsize_title":26,"fontsize_title_mb":20,"color_title":"#ffffff","description":"","fontsize_des":12,"color_des":"#ffffff","button_text":"","color_button":"#ffffff","color_button_hover":"#ffffff","link":""}},"e88c11d8-b10c-4b36-b3c0-148f7e6a87ec":{"type":"instagram","settings":{"title":"","fontsize_title":26,"fontsize_title_mb":20,"color_title":"#ffffff","description":"","fontsize_des":12,"color_des":"#ffffff","button_text":"","color_button":"#ffffff","color_button_hover":"#ffffff","link":""}},"ffc0ea8b-3b8d-4158-908a-92f9ecdc03b4":{"type":"instagram","settings":{"title":"","fontsize_title":26,"fontsize_title_mb":20,"color_title":"#ffffff","description":"","fontsize_des":12,"color_des":"#ffffff","button_text":"","color_button":"#ffffff","color_button_hover":"#ffffff","link":""}},"10cdc233-191c-45f5-ac5a-a229cee6856b":{"type":"instagram","settings":{"title":"","fontsize_title":26,"fontsize_title_mb":20,"color_title":"#ffffff","description":"","fontsize_des":12,"color_des":"#ffffff","button_text":"","color_button":"#ffffff","color_button_hover":"#ffffff","link":""}}},"block_order":["566545cd-024f-4585-941a-d5bd625fbe4c","c9c82244-f352-45ee-b86c-a77b2765317a","2608f7ec-f962-4cc2-ab46-c0dcd2d419a7","fc8fa6da-8960-435b-a1f5-9c39e2f4c91d","e88c11d8-b10c-4b36-b3c0-148f7e6a87ec","ffc0ea8b-3b8d-4158-908a-92f9ecdc03b4","10cdc233-191c-45f5-ac5a-a229cee6856b"],"disabled":true,"settings":{"container":"container","padding_full_width":0,"disable_padding_content":false,"type_instagram":"default","block_layout":"slider","scroll_from":"rtl","scroll_time":"30","enable_border_instagram":false,"instagram_border_color":"#e6e6e6","instagram_bg":"#fafafa","instagram_bg_gradient":"","style_block_header":"style1","mg_bottom_header":15,"instagram_title_icon":"","instagram_title":"#ELLA ON INSTAGRAM","font_weight_instagram_title":"400","enable_border_title":false,"border_color_title":"#232323","color_title":"#232323","mg_bottom_title":15,"fontsize_title":20,"fontsize_title_mb":20,"instagram_des":"Phasellus lorem malesuada ligula pulvinar commodo maecenas","color_des":"#3c3c3c","fontsize_des":12,"margin_bottom_des":35,"content_width":375,"title_align":"center","view_all":"","icon_for_viewall":"","view_all_fs":12,"view_all_align":"center","view_all_vert_align":"top","font_weight_view_all":"400","mg_bottom_view":30,"enable_border_view_all":true,"link_view_all":"","color_view_all":"#3c3c3c","display_instagram_button":true,"type_button_more":"link","instagram_button_text":"View Gallery","instagram_button_link":"shopify:\/\/collections\/congue","enable_underline_button":false,"color_button":"#ffffff","border_color_button":"#232323","bg_color_button":"#232323","bg_color_gradient_button":"","color_button_hover":"#232323","border_color_button_hover":"#232323","bg_color_button_hover":"#ffffff","bg_color_gradient_button_hover":"","maxwidth_button":230,"mg_top_button":30,"embed_code":"","type_instagram_by_gallery":"popup_image","images_per_row":"5","instagram_item_limit":5,"grid_gap":5,"slide_ins":"default_ins","enable_hide_portion":false,"display_arrow":true,"enable_hover_arrow":false,"display_dots":false,"icon_for_image":"","icon_style":"style_1","effects_bg":"","effects_opacity":0,"mg_top_desktop":55,"mg_top_tablet":35,"mg_top_mobile":35,"mg_bottom_desktop":70,"mg_bottom_tablet":50,"mg_bottom_mobile":50}},"collection_list_bwCHGn":{"type":"collection-list","blocks":{"featured_collection_BqpdVa":{"type":"featured_collection","settings":{"collection":"","custom_collection_badge_text":"","custom_collection_badge_color":"#ffffff","custom_collection_badge_background":"#ffffff"}},"featured_collection_Ki4EdQ":{"type":"featured_collection","settings":{"collection":"","custom_collection_badge_text":"","custom_collection_badge_color":"#ffffff","custom_collection_badge_background":"#ffffff"}},"featured_collection_i3PYD3":{"type":"featured_collection","settings":{"collection":"","custom_collection_badge_text":"","custom_collection_badge_color":"#ffffff","custom_collection_badge_background":"#ffffff"}},"featured_collection_MXdRdU":{"type":"featured_collection","settings":{"collection":"","custom_collection_badge_text":"","custom_collection_badge_color":"#ffffff","custom_collection_badge_background":"#ffffff"}},"featured_collection_xxHtq4":{"type":"featured_collection","settings":{"collection":"","custom_collection_badge_text":"","custom_collection_badge_color":"#ffffff","custom_collection_badge_background":"#ffffff"}},"featured_collection_f8qVJ7":{"type":"featured_collection","settings":{"collection":"","custom_collection_badge_text":"","custom_collection_badge_color":"#ffffff","custom_collection_badge_background":"#ffffff"}}},"block_order":["featured_collection_BqpdVa","featured_collection_Ki4EdQ","featured_collection_i3PYD3","featured_collection_MXdRdU","featured_collection_xxHtq4","featured_collection_f8qVJ7"],"disabled":true,"name":"t:sections.main-list-collections.settings.header__2.content","settings":{"container":"container","padding_full_width":0,"section_bg_color":"","section_bg_gradient":"","collection_list_style":"style_2","enable_swipe_mobile":true,"enable_heading_sticky":false,"style_block_header":"style1","title":"","title_color":"","title_fs":50,"title_fs_mb":24,"title_fw":"800","title_mg_bottom":50,"title_mg_bottom_mb":24,"style_view_all":"style1","view_all":"","link_view_all":"","color_view_all":"#3c3c3c","color_view_all_hover":"#3c3c3c","heading_align":"center","min_width":295,"image_ratio":"adapt","portrait_aspect_ratio":112,"collection_align":"left","co_title_font_size":40,"co_title_font_size_mb":16,"co_title_font_weight":"600","co_title_text_transform":"none","mg_bottom_co_title":12,"co_title_color":"#ffffff","co_title_color_hover":"","show_co_description":false,"limit_co_content_des":22,"co_des_color":"#ffffff","co_des_color_hover":"","co_des_font_size":14,"co_des_font_weight":"400","button_co_title":"Shop the collection","fontsize_co_button":15,"color_co_button":"#ffffff","color_co_button_hover":"#ffffff","collection_per_row":4,"grid_gap":5,"display_arrow":true,"display_dots":false,"mg_top_desktop":50,"mg_top_tablet":50,"mg_top_mobile":50,"mg_bottom_desktop":50,"mg_bottom_tablet":50,"mg_bottom_mobile":50}},"1764106929a5953cbb":{"type":"apps","blocks":{"revie_reviews_por_whatsapp_app_block_3_KXk3th":{"type":"shopify:\/\/apps\/revie-reviews-por-whatsapp\/blocks\/app-block-3\/32a49769-cfbe-4f29-8b19-1ae20fdb2abe","settings":{"title":"ESTO OPINAN NUESTROS CLIENTES","format":"5","title_color":"#232323","title_size":24,"title_pos":"flex-start","star_color":"#ffc206","size":15,"back_color":"#ffffff","text_color":"#000000","size_text":15,"name":"2","truncate":"1","max_reviews":10,"image":"3","from":"1","width_elements":4,"content_padding":22,"mobil_content_padding":16,"movil_count":"1.5","max_width":900}}},"block_order":["revie_reviews_por_whatsapp_app_block_3_KXk3th"],"settings":{"include_margins":false}}},"order":["16321237356a896dad","1632304586ad9b5b3b","product_tab_block_nUkUmy","featured_collection_iHTmYW","1632296224c9e90203","1632364695b0f88b4f","collection_list_bwCHGn","1764106929a5953cbb"]}