{"type":"header","name":"Header Group","sections":{"header_basic_mYUkta":{"type":"header-basic","blocks":{"conversion_group_T4rHLM":{"type":"conversion_group","name":"FRASE AL LADO DEL LOGO","settings":{"show_language_currency":true,"language_currency_color":"#3c3c3c","customer_service_text":"<p>SOLO  PERFUMERIA ORIGINAL<\/p>","text_color":"#3c3c3c"}},"logo_XEpbdN":{"type":"logo","settings":{"logo":"shopify:\/\/shop_images\/logo-Nicchia-Parfums-negro_1f1edd2d-62b6-4688-a110-1dece44effa6.png","logo_width":80,"logo_text":"","logo_font_size":30,"logo_font_weight":"900","logo_text_transform":"uppercase","logo_color":"#232323"}},"function_group_QJNai8":{"type":"function_group","name":"ICONOS BUSQUEDA Y OTROS","settings":{"show_search":true,"show_search_left_to_right":false,"search_color":"#3c3c3c","bg_search_color":"","search_border_color":"#7b7b7b","search_icon_color":"#232323","show_customer":true,"customer_color":"#232323","show_wishlist":true,"wishlist_color":"#232323","show_wishlist_number":false,"wishlist_color_item":"#ffffff","wishlist_bg_item":"#232323","show_cart":true,"cart_color":"#232323","cart_color_item":"#ffffff","cart_bg_item":"#232323"}}},"block_order":["conversion_group_T4rHLM","logo_XEpbdN","function_group_QJNai8"],"name":"HEADER","settings":{"container":"1770","padding_full_width":0,"background":"#ffffff","gradient":"","enable_transparent":false,"padding_top":20,"padding_bottom":0}},"header-mobile":{"type":"header-mobile","blocks":{"7de2266e-0cd4-4fda-9f09-06f75a17f944":{"type":"menu","settings":{"color":"#232323","menu_tab_bg":"#000000"}},"163e2cb5-14f2-4af6-9ac3-77193c082f53":{"type":"search","settings":{"icon":"1","popup_action":false,"color":"#232323"}},"550fbd21-75fb-4051-9dee-77d91b5239f0":{"type":"logo","settings":{"logo_mobile":"shopify:\/\/shop_images\/Screenshot_2025-09-05_at_8.41.01_AM.png","logo_width_mobile":105,"logo_text":"","logo_font_size":20,"logo_font_weight":"900","logo_text_transform":"uppercase","logo_color":"#232323","alignment":"center"}},"20dae707-64c0-4ea3-a05e-561cae9836d8":{"type":"customer","settings":{"icon":"1","color":"#232323"}},"633f9dae-3f65-4bda-9ca8-9d3e231aaf9d":{"type":"cart","settings":{"icon":"2","show_cart_count_bubble":true,"color":"#232323","color_bubble":"#ffffff","bg_bubble":"#232323"}}},"block_order":["7de2266e-0cd4-4fda-9f09-06f75a17f944","163e2cb5-14f2-4af6-9ac3-77193c082f53","550fbd21-75fb-4051-9dee-77d91b5239f0","20dae707-64c0-4ea3-a05e-561cae9836d8","633f9dae-3f65-4bda-9ca8-9d3e231aaf9d"],"settings":{"background":"#ffffff","gradient":"","sticky_header_type":"on_scroll","enable_transparent":false,"transparent_color":"#ffffff","transparent_border_color":"","padding_top":0,"padding_bottom":0}},"9c03747e-b054-4db8-8194-5a35c71f82ca":{"type":"header-navigation-plain","blocks":{"sections--14682829619277__9c03747e-b054-4db8-8194-5a35c71f82ca-1680876693acfad79f-0":{"type":"logo","settings":{"logo_position":"sticky_menu","logo_width":90,"logo_width_fixed":55,"logo_text":"","logo_font_size":20,"logo_font_weight":"900","logo_text_transform":"uppercase","logo_color":"#ffffff"}},"sections--14682829619277__9c03747e-b054-4db8-8194-5a35c71f82ca-1680876693acfad79f-1":{"type":"main_menu","settings":{"menu":"main-menu","menu_top_spacing":11,"menu_bottom_spacing":12,"grid_gap_menu_item":20,"alignment":"left","bg_mega_menu":"#ffffff","bg_mega_menu_gradient":"","lv_1_color":"#ffffff","lv_1_color_hover":"#ffffff","lv_2_color":"#232323","lv_2_color_hover":"#232323","lv_3_color":"#3c3c3c","lv_3_color_hover":"#3c3c3c","sale_item_1":"ELLA 30% OFF","sale_item_2":"","sale_item_3":"","sale_item_color":"#ff002c","label_position":"none","show_label_blink":true,"new_label_1":"","new_label_2":"Wishlist","new_label_3":"Home 21 - Yoga, Home 22 - Eyes Wears, Home 23 - Plant+ Garden, Home 24 - Bicycle, Mobile Sticky Toolbar, Home 25 - Swimwear 2, Sticky Promotion, Marquee Function, Home 26 - Bagratica, Section Groups, Home 27 - Men Fashion 02, Scroll Section","new_label_color":"#ffffff","new_label_bg":"#06bfe2","new_label_bg_gradient":"","sale_label_1":"30% Off","sale_label_2":"","sale_label_3":"","sale_label_color":"#ffffff","sale_label_bg":"#ff1a00","sale_label_bg_gradient":"","hot_label_1":"","hot_label_2":"RTL Layout, Store Locator","hot_label_3":"Bundle - Upsell, Variant Image Grouped, Home 02 - Trendy Style, Home 04 - High Fashion, Home 06 - SuperMarket, Home 15 - Automotive 2, Home 09 - Pet Supplies, Different Mobile Menu, Custom Options, Variant Metafield, Notify Me (Out Of Stock), Color Comparison, Product Combo","hot_label_color":"#ffffff","hot_label_bg":"#ffbb49","hot_label_bg_gradient":""}},"sections--14682829619277__9c03747e-b054-4db8-8194-5a35c71f82ca-1680876693acfad79f-2":{"type":"header_icons","settings":{"show_language_currency":false,"show_search":false,"show_customer":false,"show_wishlist":false,"show_wishlist_number":false,"show_cart":false,"text_font_size":10,"show_language_currency_sticky":false,"show_search_sticky":true,"show_customer_sticky":false,"show_wishlist_sticky":false,"show_cart_sticky":true,"cart_icon":"1","header_icons_color":"#ffffff","header_icons_color_hover":"#ffffff","header_icons_border_color":"rgba(0,0,0,0)","header_icons_border_sticky_color":"#232323","cart_count_bubble_color":"#323232","cart_count_bubble_bg":"#ffe5e8","cart_count_bubble_bg_gradient":"","wishlist_color_item":"#ffffff","wishlist_bg_item":"#232323"}},"d3131109-9329-42fa-bbb5-d25d01fd698b":{"type":"megamenu_style_1","settings":{"layout_block":"full","header_custom_width_size":1200,"item":"new in","column":6,"show_banner_1":true,"banner_url_1":"shopify:\/\/collections\/blazero","show_product":true,"product_title":"Featured Products","product_collection":"naminos-dementus-a-dincidunto-5"}},"0e4cbbf3-fe5e-4e10-a837-c7651f114767":{"type":"megamenu_style_2","settings":{"layout_block":"custom_width","header_custom_width_size":1200,"item":"trend","column":3,"show_banner_1":true,"banner_url_1":"shopify:\/\/collections\/congue","show_banner_2":true,"banner_url_2":"shopify:\/\/collections\/cosmopolis","show_banner_3":true,"banner_url_3":"shopify:\/\/collections\/cosmopolitan"}},"4d022900-5ec2-41b0-89c1-edea75a13c28":{"type":"megamenu_style_3","settings":{"layout_block":"custom_width","header_custom_width_size":1200,"mega_tyle":"style1","item":"collections","column":5,"show_banner_1":true,"banner_url_1":"shopify:\/\/products\/dempus-lortis-cosmo-sapiendo","show_banner_2":true,"banner_url_2":"shopify:\/\/products\/dempus-lortis-cosmo-sapiendo-1","show_banner_3":true,"banner_url_3":"shopify:\/\/products\/dempus-lortis-cosmo-sapiendo-2","show_banner_4":true,"banner_url_4":"shopify:\/\/products\/dempus-lortis-cosmo-sapiendo-3","show_banner_5":true,"banner_url_5":"shopify:\/\/products\/dempus-an-lortis-tempus-sapiendos","show_banner_6":false,"banner_url_6":""}},"23b6fa6d-4f30-4a97-8dc1-2c516f8a7f0e":{"type":"megamenu_style_1","settings":{"layout_block":"custom_width","header_custom_width_size":1200,"item":"demo","column":5,"show_banner_1":false,"banner_url_1":"shopify:\/\/products\/dempus-lortis-cosmo-sapiendo-4","show_product":false,"product_title":"On Sale Products","product_collection":"dempus-an-lortis-tempus-sapiendos"}},"3d2520ed-30fc-4694-a7bd-8479ad2d6892":{"type":"megamenu_style_1","settings":{"layout_block":"custom_width","header_custom_width_size":1400,"item":"Theme Demo","column":5,"show_banner_1":false,"banner_url_1":"","show_product":false,"product_title":"Featured Products","product_collection":""}},"01014ccc-ffe5-4c78-b814-da3ff7d8b45c":{"type":"megamenu_style_1","settings":{"layout_block":"custom_width","header_custom_width_size":1200,"item":"Shop","column":4,"show_banner_1":false,"banner_url_1":"","show_product":false,"product_title":"Featured Products","product_collection":""}},"ec0f7e9f-1012-463e-a1fd-f9225f7f1cc3":{"type":"megamenu_style_1","settings":{"layout_block":"custom_width","header_custom_width_size":1400,"item":"Product","column":5,"show_banner_1":false,"banner_url_1":"","show_product":false,"product_title":"Featured Products","product_collection":""}}},"block_order":["sections--14682829619277__9c03747e-b054-4db8-8194-5a35c71f82ca-1680876693acfad79f-0","sections--14682829619277__9c03747e-b054-4db8-8194-5a35c71f82ca-1680876693acfad79f-1","sections--14682829619277__9c03747e-b054-4db8-8194-5a35c71f82ca-1680876693acfad79f-2","d3131109-9329-42fa-bbb5-d25d01fd698b","0e4cbbf3-fe5e-4e10-a837-c7651f114767","4d022900-5ec2-41b0-89c1-edea75a13c28","23b6fa6d-4f30-4a97-8dc1-2c516f8a7f0e","3d2520ed-30fc-4694-a7bd-8479ad2d6892","01014ccc-ffe5-4c78-b814-da3ff7d8b45c","ec0f7e9f-1012-463e-a1fd-f9225f7f1cc3"],"settings":{"container":"1170","padding_full_width":0,"header_navigation_bg":"#000000","header_navigation_bg_gradient":"","sticky_header_type":"on_scroll","sticky_header_width":"full","enable_transparent":false,"transparent_color":"#ffffff","transparent_color_hover":"#ffffff","border_color":"rgba(0,0,0,0)"}}},"order":["header_basic_mYUkta","header-mobile","9c03747e-b054-4db8-8194-5a35c71f82ca"]}